{
	"d_coef" : 0.81000000000000005,
	"i_coef" : 0.51000000000000001,
	"p_coef" : 0.75,
	"save_imgs" : 1,
	"tags_id" : 1
}