{
	"d_coef" : 0.81000000000000005,
	"i_coef" : 0.51000000000000001,
	"land_speed" : -0.40000000000000002,
	"land_speed_near_ground" : -0.20000000000000001,
	"linear_range_coef" : 0.059999999999999998,
	"linear_range_coef_y" : 0.10000000000000001,
	"obj_hot_point_latitude" : 0.68254943280179603,
	"obj_hot_point_longitude" : 2.0449721590120613,
	"p_coef" : 0.75,
	"range_type" : 1,
	"save_imgs" : 1,
	"search_obj_height" : 5.0,
	"search_tag_height" : 5.0,
	"tag_hot_point_latitude" : 0.68254831068317567,
	"tag_hot_point_longitude" : 2.0449739839905967,
	"tags_id" : 2,
	"takeoff_speed" : 0.40000000000000002,
	"takeoff_speed_near_ground" : 0.20000000000000001,
	"va_takeoff_height" : 2.5
}